{
  "cli": {
    "version": ">= 3.15.0"
  },
  "build": {
    "development": {
      "developmentClient": true,
      "distribution": "internal"
    },
    "preview": {
      "distribution": "internal",
      "android": {
        "buildType": "apk"
      }
    },
    "preview2": {
      "android": {
        "gradleCommand": ":app:assembleRelease"
      }
    },
    "preview3": {
      "developmentClient": true
    },
    "production": {}
  },
  "submit": {
    "production": {}
  }
}
